alcohol,malic_acid,alcalinity_of_ash,total_phenols,flavanoids,proanthocyanins,color_intensity,hue,od280/od315_of_diluted_wines,proline
0.38580088975325183,-0.6378711828886301,-1.2245316078071995,0.5268652541303526,0.7322921220158762,-0.4157834408934858,-0.16746725189272332,0.6243781871729702,0.2529081971957498,0.4677247406466199
0.9485189188615125,-0.765445419466356,0.8532840599298376,1.1727954599279786,1.3331814605799983,1.3497420231643418,0.30530312978834945,1.0671553674494463,0.1510480886007032,1.8157677312543734
0.5233541857574945,-0.5194093917807416,-1.0464331220011673,0.930571632753869,1.0063819957468791,-0.2600017823001483,-0.08150900067798279,-0.1283430192970406,0.8931717369360446,1.5162026222304281
0.9735286090441013,-0.5558591736600919,-1.0761162029688398,0.5268652541303526,0.8166274677792614,0.3631248520732029,0.262324004180979,0.8900444953388555,0.4275255262158302,1.9322652736525743
0.4358202701184316,0.8201200922853817,0.556453250253118,-0.5550678405806715,-1.2917561763053773,-0.6061832458408988,1.4743353463088196,-1.7666185863200048,-1.4350593166650256,-0.29783053797012893
-0.25194620990277516,0.04556222734918797,-0.03720836910032121,-1.427073618407467,-1.5553041318159573,-1.662036709640188,2.110425975506643,-1.6780631502647099,-1.420507872580019,-0.8969607560180193
-0.9522175350152741,-1.047931229031321,-0.8386515552274639,-0.6842538817401965,-0.7435764288433712,1.5574509012887923,-0.9196019500217022,1.4656548296982759,0.6749000756609438,-0.07149245559648142
0.660907481761735,0.7107707466473308,1.2985302744449172,-1.4109253632625263,-0.43786080045109854,-0.6061832458408988,1.551697772402086,-1.5895077142094143,-1.9007055273852396,-0.7971057196767042
0.9985382992266901,-0.40094760067285323,-0.7496023123244479,1.1727954599279786,0.8482532224405313,0.13810690077171484,0.5631778834325706,0.8014890592835601,0.4711798584708506,2.1153328402783185
2.324051878903924,-0.6378711828886301,-1.669777822322279,0.8498303570291653,1.048549668628572,0.6573790960828408,0.09040750175149828,0.5801004691453225,0.354768305790797,1.0169274405238529
-1.1147805212021056,-0.9203569924535947,1.1797979505742298,-0.11906495166727342,-0.41677696401025216,-0.3811652945394111,-1.3966702442635115,0.5358227511176747,0.8786202928510376,-0.38104306825455814
-1.4399064935757662,-0.5649716191299294,-0.03720836910032121,0.36538270268094597,-0.36406737290813634,-0.31192900183126093,-1.2591370423199268,-0.03978758324174564,-0.24184090169447736,-1.0800283226437635
1.5612563283349508,1.5035535025231996,-1.9072424700636548,1.1727954599279786,1.1118011779511112,0.8304698278532162,0.04742837614412782,-0.2611761733799838,1.3442665035712513,0.06830459528135967
0.6358977915791463,-0.48295960990139125,0.25962244057639844,0.6883478055797593,1.048549668628572,0.44967021795839063,0.04742837614412782,0.40298959703473153,1.2569578390612117,0.6008647891017067
-0.3394801255418381,1.102605901850346,0.556453250253118,-0.9264777089143066,-0.8279117746067568,-1.3158552460994375,0.004449250536757745,-0.7482310716841081,-1.9152569714702463,-0.46425559853898735
-1.1147805212021056,-0.4647347189617161,-0.3340391787770408,-1.0879602603637128,-0.5116542279940609,0.06887060806356465,-1.1130080152548683,0.5801004691453225,-0.4892154511395909,-0.8636757439042475
-0.7521400135545617,-0.6469836283584677,1.4469456792832769,-0.08676844137739208,0.48982800294614276,0.5189065106665405,-1.2333495669555048,-0.2611761733799838,0.2529081971957498,-1.3230089110742969
-1.2648386622976404,-1.1390556837296966,0.40803784541475824,1.7864291554357234,0.16302853811302362,0.0861796812406022,-0.7648770978351694,0.18160100689649294,0.762208740170984,0.4876957479148829
0.660907481761735,-0.48295960990139125,0.1112070357380386,0.41382746811576765,0.6584986944729135,0.10348875441763974,-0.6316418084523217,0.7572113412559134,1.7662583820364453,0.351227198248419
0.41081057993584286,-0.5649716191299294,-0.7792853932921202,0.20390015123153926,0.2157381292151394,-0.43309251407052335,-0.4468315683406296,0.3144341609794361,0.2383567531107434,1.8157677312543734
-0.7521400135545617,-1.0297063380916458,-0.4527715026477282,0.2361966615214206,0.7006663673546064,0.8304698278532162,-0.16746725189272332,1.0671553674494463,-0.4455611188845712,-0.2046325040515682
-0.6521012528242044,0.6287587374187923,2.189022703475076,-0.6035126060154935,-1.4815107042729951,-0.7965830507883117,1.0789273907210135,-1.2352859699882326,-1.2749934317299523,0.4677247406466199
2.2240131181735667,-0.5558591736600919,-2.44153792748175,1.3342780113773853,1.7970258622786188,2.094032169776956,0.17636575296623883,1.3328216756153326,0.1801509767707166,1.3664200677184555
1.4862272577871822,0.15491157298723854,0.1112070357380386,-0.9587742192041879,-1.3550076856279165,-0.6234923190179362,2.0244681540831584,-1.4566745601264712,-1.3040963198999656,-0.2645455258563572
1.7113144694304856,-0.6014214010092798,1.5953610841216368,0.8498303570291653,-0.7119506741821016,1.903632364829543,3.442779299126376,-1.6780631502647099,-0.9403102177747983,-0.2645455258563572
0.235742748657717,0.018224890939675022,-0.3043560978093684,0.8498303570291653,1.3226395423595751,2.094032169776956,0.2967073046668752,0.35871187900708384,0.8204145165110108,1.4829176101166563
0.09818945265347653,-0.5558591736600919,-2.1447071178050305,0.7206443158696406,1.3542652970208446,2.2671229015473315,0.9499900138989028,0.7572113412559134,0.4420769703008372,1.3664200677184555
-0.35198497063313244,-0.7381080830568433,0.31898860251174216,-1.4432218735524076,-0.5538219008757538,0.03425246170948996,-0.8336436988069619,0.048767852813549804,-0.7947957769247312,-0.8137482257335901
0.09818945265347653,3.1529061325638,0.556453250253118,0.5591617644202339,0.7006663673546064,0.7093063156139531,-1.0270497640401277,-0.9696196618223467,0.7185544079159643,-1.1965258650419643
0.7609462424920923,-0.6196462919489549,-0.15594069297100863,0.9467198878988093,1.2699299512574589,0.6054518765517282,0.8210526370767922,0.6243781871729702,0.3984226380458168,2.581323009871122
0.3357815093880743,0.22781113674593917,0.40803784541475824,0.8498303570291653,0.7428340402362992,0.38043392525024045,-0.2878088035933597,0.40298959703473153,0.4711798584708506,-0.014907935003069552
1.661295089065308,-0.38272270973317807,0.1112070357380386,0.8498303570291653,1.2172203601553433,0.6400700229058033,0.5201987578252005,0.5358227511176747,0.06373942409066301,1.7991252251974874
1.4362078774220024,-0.7836703104060312,-0.8386515552274639,-0.11906495166727342,0.4687441665052963,-0.05229290417569776,0.004449250536757745,0.9785999313941509,0.3111139735357766,1.7991252251974874
0.8234704679485665,-0.48295960990139125,-0.7199192313567766,0.930571632753869,0.9747562410856098,-0.24269270912311075,0.992969139506273,1.4656548296982759,0.3984226380458168,1.8989802615388025
-0.7521400135545617,-1.1026059018503465,-0.185623773938681,1.9802082171750115,1.1750526872736504,0.46697929113542813,-0.23193594030377845,1.1999885215323896,0.3838711939608104,-1.0633858165868777
-0.16441229426371223,0.5649716191299294,1.2985302744449172,0.0747141100720139,-1.4604268678321486,-1.36778246563055,-0.029934049949138467,-0.2611761733799838,-0.6638327801596713,-0.49754061065275906
0.09818945265347653,-0.2642609186252897,1.5953610841216368,0.5753100195651742,0.7322921220158762,0.5535246570206156,-0.6058543330878995,0.8014890592835601,0.8640688487660312,0.3012996800777615
-0.31447043535924707,-0.48295960990139125,-0.2449899358740247,-0.11906495166727342,0.574163348709528,0.2938885593650527,-0.4683211311443148,0.9343222133665032,0.776760184255991,-0.0848064604419901
-0.15190744917241786,-0.6743209647679802,-0.5418207455507444,0.33308619239106463,0.4054926571827571,-0.24269270912311075,-0.45542739346210365,0.6243781871729702,1.4897809444213181,0.9170724041825378
-0.5770721822764359,-0.5558591736600919,0.25962244057639844,-0.11906495166727342,-0.06889366273628685,-0.20807456276903566,-0.880920736975069,0.40298959703473153,1.402472279911278,-0.2246035113198312
0.023160382105708,-0.6105338464791173,3.0795151325052346,1.657243114276198,0.9536724046447633,0.6227609497287657,-0.7047063219848511,1.598487983781219,1.3006121713162315,0.8172173678412227
-0.8521787742849191,-0.8474574286948943,-1.0761162029688398,0.44612397840564894,0.5425375940482586,0.2938885593650527,-0.8981123872180171,1.2442662395600372,0.19470242085572362,-1.0367578068958603
0.09818945265347653,1.3850917114153107,0.8532840599298376,-1.0072189846390098,-0.41677696401025216,0.03425246170948996,-0.08150900067798279,-0.4825647635182223,-0.8675529973497651,-0.7471782015060466
-0.9021981546500966,-0.5558591736600919,-0.185623773938681,-1.0072189846390098,0.04706743768836816,0.051561534886527115,-0.683216759181166,0.22587872492414066,0.8204145165110108,-0.7638207075629325
-0.7521400135545617,-1.0661561199709961,-0.007525288132648824,-0.2643992479717398,0.01544168302709878,-0.9696737825586867,-0.1330839514068271,0.7572113412559134,1.271509283146218,-0.7638207075629325
-1.702508240492955,-0.9021321015139195,0.1112070357380386,0.752940826159522,0.9852981593060327,1.540141828111755,-1.0055602012364426,0.048767852813549804,0.9513775132760708,-0.19797550162881383
0.28576212902289455,-0.510296946310904,-2.500904089417094,0.6076065298550556,0.8166274677792614,-0.5542560263097861,-0.2620213282289377,0.44726731506237927,1.1550977304661645,1.0335699465807386
1.1611012854135214,-0.6014214010092798,-1.0761162029688398,1.3342780113773853,1.480768315665923,0.9343242669154415,0.47721963221783015,-0.1726207373246883,1.053237621871118,0.8172173678412227
0.235742748657717,1.1208307927900212,0.40803784541475824,-1.2494428118131196,-1.5131364589342644,-0.519637879955711,-0.4253420055369445,-1.5452299961817666,-1.3477506521549856,0.3012996800777615
0.7359365523095035,-0.574084064599767,-1.0167500410334962,1.4150192871020884,1.375349133461691,1.2805057304561915,0.49011336990004134,0.0044901347859020845,1.1259948422961512,0.18480213767956058
1.5487514832436564,1.5491157298723872,-0.2153068549063534,0.930571632753869,0.7006663673546064,-0.6061832458408988,0.10759915199444639,-0.3497316094352792,1.053237621871118,1.1334249829220537
0.17321852320124284,-0.40094760067285323,1.7437764889599965,-0.11906495166727342,-0.7435764288433712,-0.06960197735273531,0.9070108882915324,-1.500952278154119,-1.8570511951302195,-1.046743310529992
-0.6771109430067932,-0.7381080830568433,0.556453250253118,0.752940826159522,1.2277622783757662,0.2938885593650527,-0.4511294809013667,-1.1467305339329377,0.34021686170578996,-1.289723898960525
-1.8900809168623731,1.2757423657772602,-0.03720836910032121,1.4634640525369107,0.6268729398116442,3.4268308044088456,-0.8981123872180171,-0.8810642257670512,0.2965625294507702,-0.5907386445713197
-0.5520624920938471,2.8886452139385104,1.5953610841216368,-0.7811434126098405,-1.4604268678321486,-0.8658193434964615,0.004449250536757745,-0.5711201995735178,-1.333199208069979,-0.7471782015060466
-1.1272853662934,-0.16402401845707618,0.40803784541475824,0.5268652541303526,0.7006663673546064,-0.43309251407052335,-0.9582831630683355,-0.3940093274629269,0.9804804014460842,-1.2031828674647187
0.46082996030102036,-1.2757423657772602,-0.7792853932921202,0.41382746811576765,-0.7224925924025248,-2.0428363195350134,-0.7820687480781175,0.3144341609794361,-0.9839645500298183,0.03501958316758798
-1.4774210288496517,-0.19136135486658912,2.6342689179901555,-0.23210273768185846,0.26844772031725567,0.2765794861880152,-0.8551332616106468,0.09304557084119754,-0.24184090169447736,-0.9102747608635279
-1.4399064935757662,-0.7927827558758688,0.3486716834794145,-0.47432656485596814,-0.40623504578982894,-0.12152919688384795,-1.3064140804880342,0.0044901347859020845,1.053237621871118,-0.8137482257335901
1.1110819050483418,-0.9021321015139195,-1.0761162029688398,1.1404989496380973,1.2277622783757662,0.43236114478135307,0.9585858390203768,0.2701564429517884,1.3733693917412646,1.0169274405238529
-0.3394801255418381,1.3942041568851486,1.0016994647681976,0.8982751224639877,0.5952471851503743,0.6054518765517282,-1.0399435017223388,1.0671553674494463,0.762208740170984,-0.9202602644976594
-1.0147417604717481,-0.6652085192981426,0.9423333028328537,-0.7972916677547812,-0.3113577818060203,-0.06960197735273531,-1.091518452451183,1.6870434198365143,-0.5037668952245979,-0.8137482257335901
0.39830573484454623,-0.33716048238399016,-0.8386515552274639,1.1727954599279786,1.3120976241391518,0.10348875441763974,0.4342405066104601,0.5358227511176747,0.34021686170578996,1.7658402130837159
0.8859946934050383,-0.4647347189617161,-0.7199192313567766,0.2361966615214206,0.7428340402362992,0.6400700229058033,-0.49410860650873695,1.2442662395600372,0.3838711939608104,0.8338598738981086
-0.05186868844206054,1.3304170385962852,-0.3043560978093684,0.22004840637648027,0.44766033006444994,0.6573790960828408,-0.2104463775000934,0.35871187900708384,1.3297150594862448,0.10158960739513136
0.9860334541353957,-0.7381080830568433,-0.03720836910032121,1.0920541842032756,0.7955436313384154,-0.43309251407052335,0.17636575296623883,1.3328216756153326,0.5730399670658972,1.649342670685515
0.09818945265347653,-0.5194093917807416,-0.7792853932921202,1.1727954599279786,1.0696335050694183,0.7439244619680282,0.021640900779705853,-0.30545389140763146,1.0823405100411314,0.4843672467035058
-1.2148192819324628,-0.7563329739965184,0.7048686550914778,-1.330184087537823,-0.7752021835046408,0.051561534886527115,-0.5972585079664254,0.44726731506237927,0.06373942409066301,-0.9635307802455626
-1.2148192819324628,-1.2939672567169354,-0.185623773938681,0.2361966615214206,0.2895315567581016,-0.2946199286542234,-1.0700288896474979,1.9084320099747518,0.7476572960859776,-1.5360329886024358
-0.25194620990277516,0.9932565562122956,-1.0761162029688398,-1.0395154949288912,-0.7752021835046408,-1.333164319276475,-0.683216759181166,-1.10245281590529,-0.7074871124146911,-1.2231538747329818
-0.22693651972018639,0.3007107005046398,0.7048686550914778,-1.281739322103001,-0.6592410830799855,-0.5888741726638612,2.4972385357642315,-2.076562612513539,-1.653330977940126,-0.8636757439042475
-0.15190744917241786,0.8474574286948943,0.7048686550914778,-1.0072189846390098,-1.4604268678321486,-1.1081463679749872,0.2537281790595051,-0.3497316094352792,-0.7220385564996981,-0.5641106348803023
0.3357815093880743,1.4944410570533617,-0.6308699884537605,0.5914582747101153,0.67958253091376,0.10348875441763974,-0.2706171533504116,-0.5711201995735178,0.5730399670658972,-0.19797550162881383
0.5483638759400833,1.3668668204756356,-0.2449899358740247,0.284641426956243,0.7322921220158762,-0.20807456276903566,-0.3050004538363078,-0.1726207373246883,0.5730399670658972,0.9836424284100811
-0.9647223801065707,0.6287587374187923,-0.185623773938681,-1.653149190436636,-1.5763879682568036,-1.5062550510468504,0.2193448785736089,-1.2795636880158805,-1.1294789908798852,-0.7638207075629325
-1.4148968033931775,0.5011845008410666,-0.48245458361540056,-0.8941811986244252,-0.7014087559616784,-1.1254554411520248,-1.0055602012364426,0.048767852813549804,-0.1254293490144238,-0.7971057196767042
-1.1147805212021056,-0.8656823196345694,0.8532840599298376,0.46227223355059,0.3211573114193715,-0.9696737825586867,-0.8981123872180171,-0.08406530126939285,0.8495174046810242,-1.1798833589850786
-2.4277892557880447,-0.7563329739965184,0.556453250253118,0.3007896821011833,0.194654292774293,0.7093063156139531,-1.3279036432917193,3.3695967048871256,0.3838711939608104,-1.106656332334781
-0.6896157880980875,-0.6652085192981426,0.8532840599298376,-0.4420300545660868,0.11031894701090739,0.01694338853245241,-1.2591370423199268,0.49154503309002695,0.5148341907258704,-1.3130234074401654
0.48583965048360916,0.20047380033642662,0.1112070357380386,-1.4109253632625263,-1.5658460500363804,-1.662036709640188,0.262324004180979,-1.10245281590529,-0.19818656943945695,0.13487461950890303
1.0610625246831642,-0.5376342827204168,-1.669777822322279,2.5938419126827563,1.849735453380735,0.46697929113542813,0.8855213254878473,0.2701564429517884,0.9513775132760708,1.4995601161735423
-0.9021981546500966,2.168762021821342,0.40803784541475824,-1.4432218735524076,-1.5974718046976502,-1.3850915388075875,-0.48981069394799986,-0.8810642257670512,-1.9443598596402596,-0.06483545317372708
0.8359753130398608,0.6925458557076556,-1.3135808507102156,0.6883478055797593,1.1012592597306876,0.10348875441763974,0.04742837614412782,0.048767852813549804,1.0968919541261377,0.351227198248419
-0.05186868844206054,0.428284937082366,0.40803784541475824,-1.1848497912333569,-1.5658460500363804,-1.4716369046927753,-0.16746725189272332,-0.7925087897117559,-0.43100967479956415,-0.46425559853898735
-0.6270915626416134,-0.7472205285266809,-0.185623773938681,0.36538270268094597,0.30007347497852505,2.9075586090977192,-1.0270497640401277,0.9343222133665032,0.0346365359206496,0.6574493096951186
-0.4645285764547842,0.10934934563805082,-0.3340391787770408,-1.0556637500738315,-1.3971753585096094,-1.1427645143290623,0.9070108882915324,-0.9696196618223467,-1.4932650930050524,-0.1480479834581563
0.8984995384963328,0.8383449832250565,0.1112070357380386,-0.7165503920300779,-1.5025945407138412,-1.3850915388075875,0.38266555588161577,0.048767852813549804,-1.144030434964892,-0.19797550162881383
-1.6649937052190695,-0.25514847315545197,0.5861363312207903,-0.5227713302907901,-0.3113577818060203,-0.43309251407052335,-0.9410915128253874,0.22587872492414066,0.20925386494072998,-0.19797550162881383
1.0735673697744585,-0.701658301177493,0.1112070357380386,1.0920541842032756,1.491310233886346,0.207343193479865,0.6921152602546813,0.8014890592835601,-0.0526721285893906,1.2998500434909122
1.211120665778699,-0.5558591736600919,-0.6605530694214329,0.9790163981886907,1.638897088972271,0.8304698278532162,1.6806351492241969,0.7572113412559134,0.7185544079159643,1.732555200969944
-1.1147805212021056,-1.1026059018503465,1.2985302744449172,-0.4420300545660868,-0.4273188822306753,-0.346547148185336,-1.1989662664696086,1.598487983781219,0.16559953268571023,-0.3644005621976723
0.07317976247088555,-1.3121921476566105,-1.0761162029688398,-0.5227713302907901,0.04706743768836816,-0.24269270912311075,-0.16746725189272332,1.0671553674494463,-0.1836351253544506,-1.1565838505054384
-0.37699466081572125,-1.2392925838979099,-0.48245458361540056,-0.11906495166727342,-0.04780982629544045,-0.24269270912311075,-1.0184539389186535,1.2442662395600372,0.8058630724260044,-0.9635307802455626
0.7359365523095035,-0.5558591736600919,0.25962244057639844,1.108202439348216,0.8377113042201079,1.470905535403605,0.5416883206288856,0.13732328886884523,0.616694299320917,1.2665650313771404
0.09818945265347653,-0.6287587374187925,-0.48245458361540056,0.284641426956243,0.4687441665052963,-0.2773108554771858,-0.31789419151851894,0.7572113412559134,-0.13998079309943082,1.216637513206483
1.7738386948869598,-0.42828493708236576,-1.4916793365162473,0.36538270268094597,0.563621430489105,0.6573790960828408,0.11189706455518332,0.3144341609794361,1.417023723996285,1.8324102373112592
1.086072214865753,1.6220152936310879,-0.03720836910032121,-0.7649951574648999,-1.2179627487624152,-0.06960197735273531,1.727912187392304,-1.6780631502647099,-1.4059564284950126,-0.8636757439042475
-0.8521787742849191,-0.6652085192981426,0.22993935960872602,-1.8953730176107457,-1.0176663025743742,-0.24269270912311075,-0.8336436988069619,-0.1903318245357474,-1.144030434964892,0.43443972853284823
-1.4524113386670607,-0.2004738003364265,0.556453250253118,-1.0879602603637128,-1.049292057235644,-0.06960197735273531,-1.0700288896474979,0.0044901347859020845,-0.5037668952245979,-0.38104306825455814
-0.4145091960896044,-0.893019656044082,-0.8386515552274639,-0.40973354427620545,-0.6065314919778698,-1.6966548559942631,0.3267926925920345,0.13732328886884523,-1.4787136489200456,-0.9635307802455626
0.9485189188615125,1.8407139849071898,0.8532840599298376,-1.6047044250018139,-1.5974718046976502,-0.7792739776112741,0.7007110853761555,-0.7482310716841081,-1.2458905435599388,-0.7305356954491607
-1.6399840150364808,-0.4191724916125284,-1.0761162029688398,-1.0718120052187723,-0.43786080045109854,-0.7792739776112741,-0.5113002567516851,1.2442662395600372,-0.6783842242446777,-1.0367578068958603
1.5612563283349508,-0.5831965100696046,-0.9870669600658237,1.495760562826792,1.0696335050694183,0.7439244619680282,0.5975611839184668,-0.03978758324174564,1.0241347337011046,0.7672898496705651
-0.6896157880980875,1.9045011031960524,2.0406072986367163,-0.11906495166727342,0.1524866198926002,0.19003412030282746,-1.250541217198453,-0.1283430192970406,0.7476572960859776,-1.246453383212622
1.7613338497956654,1.1390556837296963,-1.0761162029688398,1.576501838551495,1.2488461148166126,1.0208696328006288,-0.038529875070612334,0.40298959703473153,1.2133035068061913,1.0834974647513962
-1.2148192819324628,0.9932565562122956,-0.185623773938681,-0.4420300545660868,-0.36406737290813634,0.46697929113542813,-1.5943742220574146,-0.08406530126939285,0.6457971874909304,-0.5840816421485654
0.6484026366704406,1.1390556837296963,-0.03720836910032121,-1.0556637500738315,-1.5869298864772268,-1.2466189533912875,0.30530312978834945,-0.615397917601165,-1.144030434964892,-0.5308256227665307
0.9610237639528069,-0.6105338464791173,-0.9573838790981524,0.5268652541303526,0.9642143228651863,0.03425246170948996,0.3697718181994046,-0.1283430192970406,0.8640688487660312,1.0668549586945104
1.573761173426245,-0.574084064599767,-1.1948485268395277,0.8498303570291653,1.1328850143919575,1.1939603645710042,0.2795156544239271,0.40298959703473153,1.911772822886512,1.0834974647513962
-1.3773822681192942,1.7951517575580014,0.40803784541475824,0.9467198878988093,1.1012592597306876,2.2671229015473315,-0.9410915128253874,-0.8810642257670512,1.5043323885063253,-1.1965258650419643
1.1360915952309327,2.460360276856145,0.1112070357380386,-2.0891520793500336,-1.7345167415631515,-1.5928004169320378,-0.038529875070612334,-1.6337854322370622,-1.8570511951302195,-1.0800283226437635
-0.48953826663737293,-0.956806774332945,0.1112070357380386,-1.281739322103001,-1.4815107042729951,-0.346547148185336,1.1219065163283837,-1.6337854322370622,-1.5369194252600724,-0.3311155500839006
-1.952605142318847,-1.4579912751740116,0.40803784541475824,0.33308619239106463,0.025983601247521748,-0.2773108554771858,-0.8207499611247506,0.6686559052006179,-0.43100967479956415,-1.0167867996275972
1.1110819050483418,-0.7563329739965184,1.5953610841216368,1.0920541842032756,0.9220466499834935,0.46697929113542813,-0.69181258430264,1.8198765739194576,0.8058630724260044,-1.0966708287006495
-0.31447043535924707,-0.5376342827204168,0.8532840599298376,-1.4432218735524076,-0.23756435426305791,0.051561534886527115,-0.7261958847885363,-0.30545389140763146,-0.2709437898644908,-0.8370477342132302
0.5358590308487889,1.430653938764499,1.0016994647681976,-0.7649951574648999,-1.3022980945258005,-0.3292380750082985,0.992969139506273,-1.10245281590529,-1.5223679811750657,0.03501958316758798
0.6358977915791463,-0.6105338464791173,0.8532840599298376,0.5268652541303526,-0.9333309568109887,1.1939603645710042,2.9055402290342482,-1.6780631502647099,-1.2022362113049188,-0.39768557431144397
0.3232766642967799,0.8747947651044068,-0.3340391787770408,-0.7649951574648999,-1.2179627487624152,0.46697929113542813,2.3768969840635945,-1.722340868292357,-1.5951252016000992,-0.2146180076856997
-0.7646448586458561,1.3577543750057983,0.40803784541475824,0.04241759978213255,-1.123085484778606,-0.9696737825586867,1.143396079132069,-1.722340868292357,-1.4932650930050524,-0.7305356954491607
-0.7521400135545617,-1.2757423657772602,-2.6790025752231257,-0.47432656485596814,-1.492052622493418,-2.0428363195350134,-1.3064140804880342,0.44726731506237927,-1.144030434964892,-0.7305356954491607
-1.9025857619536697,0.05467467281902534,0.1112070357380386,1.011312908478572,0.8482532224405313,0.397742998427278,-0.7476854475922213,-0.6596756356288127,1.1405462863811582,-0.38104306825455814
-0.189421984446301,0.9385818833932701,-0.03720836910032121,-1.281739322103001,-1.3971753585096094,-1.0908372947979497,2.265151257484432,-1.0138973798499946,-1.2458905435599388,-0.181332995571928
-1.4148968033931775,-1.321304593126448,-0.48245458361540056,-0.11906495166727342,0.23682196565598582,1.2978148036332293,-0.8336436988069619,-0.7039533536564604,0.6894515197459509,-0.7305356954491607
0.1357039879273597,1.421541493294661,0.556453250253118,-1.3947771081175857,-0.6276153284187161,-0.7965830507883117,1.8955307772610481,-1.6780631502647099,-1.8570511951302195,-0.6306806591078458
-0.9021981546500966,1.403316602354986,-0.3340391787770408,-1.4432218735524076,-1.270672339864531,-0.7965830507883117,1.3840791825333425,-1.3238414060435282,-0.8821044414347714,0.3845122103621907
1.5362466381523598,-0.5285218372505792,-1.3135808507102156,1.6087983488413764,1.480768315665923,0.6400700229058033,0.7565839486657367,0.44726731506237927,0.354768305790797,2.364970431131606
1.3111594265090565,-0.6014214010092798,-1.0761162029688398,0.6076065298550556,0.3633249843010643,0.6573790960828408,-0.12448812628535287,0.40298959703473153,1.4315751680812914,0.9836424284100811
0.3732960446619575,1.7678144211484892,0.1112070357380386,-1.1041085155086536,-1.3655496038483397,-0.43309251407052335,2.2393637821200096,-1.5895077142094143,-1.5223679811750657,0.3179421861346473
1.7488290047043689,-0.3553853733236653,-0.8386515552274639,2.5453971472479346,1.5861874978701551,1.0035605596235915,1.2078647675431242,-0.3940093274629269,1.2278549508911982,2.464825467472921
-0.4645285764547842,-0.9112445469837571,-0.3340391787770408,-1.330184087537823,-0.6592410830799855,-0.43309251407052335,-1.091518452451183,0.40298959703473153,0.2383567531107434,-0.5907386445713197
0.5358590308487889,2.059412676183291,1.5953610841216368,-0.47432656485596814,-1.0809178118969136,-0.8485102703194239,1.5087186467947158,-1.2352859699882326,-0.9985159941148251,-0.3644005621976723
-0.12689775898982908,2.0685251216531295,0.556453250253118,-0.9264777089143066,-1.4077172767300323,-1.2812370997453624,1.143396079132069,-1.8108963043476525,-1.0858246586248652,-0.38104306825455814
0.6484026366704406,-0.6196462919489549,1.2985302744449172,-0.6358091163053748,-0.15322900849967228,-0.9869828557357243,-0.537087732116107,0.13732328886884523,0.2529081971957498,-0.8903037535952649
0.7609462424920923,0.21869869127610178,1.4469456792832769,-1.1687015360884163,-1.2074208305419918,-0.1042201237068104,1.5774852477665082,-0.9253419437946989,-1.1731333231349053,0.03501958316758798
-0.8521787742849191,0.7563329739965184,-0.48245458361540056,0.930571632753869,1.0590915868489954,2.094032169776956,-1.1559871408622384,2.085542882085343,0.3256654176207836,-1.109984833546158
-0.8021593939197392,-1.2301801384280724,-1.432313174580903,-0.6035126060154935,-0.14268709027924906,2.007486803891768,-0.683216759181166,0.49154503309002695,-0.43100967479956415,0.03501958316758798
-0.5645673371851415,0.08201200922853828,0.40803784541475824,0.44612397840564894,0.30007347497852505,-0.6581104653720113,-1.2849245176843491,-0.216898455352336,0.2529081971957498,-1.3795934316677088
0.6859171719443238,0.7563329739965184,1.1501148696065573,-1.1687015360884163,-1.5447622135955341,-1.8178183682335258,-0.2749150659111489,-0.2611761733799838,-0.7947957769247312,-0.7305356954491607
-1.6524888601277752,-0.6105338464791173,1.8921918937983562,-0.5712160957256122,-0.3956931275694057,-0.4504015872475609,-1.0270497640401277,1.8198765739194576,0.8786202928510376,-0.5907386445713197
0.6734123268530294,-0.49207205537122883,-0.185623773938681,0.12315887550683627,0.574163348709528,-0.1042201237068104,-0.339383754322204,0.6686559052006179,0.3838711939608104,1.1833525010927113
-0.01435415316817516,1.0114814471519706,-0.3340391787770408,-1.427073618407467,-1.3550076856279165,-1.1427645143290623,0.1247908022373945,-1.191008251960585,-1.2458905435599388,-0.2146180076856997
-0.11439291389853246,0.5923089555394424,0.1112070357380386,-1.5724079147119325,-0.8068279381659104,-1.333164319276475,0.17636575296623883,-0.9253419437946989,-1.7260881983651595,-0.6972506833353891
